{
    "mod_id" : "old_balogna",
    "display_name" : "Old Balogna Tony",
    "description" : "Bringing back old Balogna Tony",
    "icon_path" : "",
    "credits" : ["seymour"],
    "version" : "1.0.0",
    "target_game_version" : "V1.4.2",
    "target_patcher_version" : "1",
    "depends" : [
        {
            "mod_id" : "forgery",
            "versions" : ["1.0"],
            "order_requirement" : "before_us"
        }
    ],

    "custom" : {
        "forgery" : {
            "entrypoint" : { 
                "type" : "runtime",
                "path" : "mod.gml"
            },
            "translations_path" : "trans",
            "compile_all_code_on_load" : false
        }
    }
}