{
    "mod_id" : "wheelie_coffin_item",
    "display_name" : "Wheelie Coffin Item",
    "description" : "Adds the Wheelie Coffin item.",
    "icon_path" : "",
    "credits" : ["seymour", "ashley"],
    "version" : "1.0.1",
    "target_game_version" : "V1.4.2",
    "target_patcher_version" : "1",
    "depends" : [
        {
            "mod_id" : "forgery",
            "versions" : ["1.0"],
            "order_requirement" : "before_us"
        }
    ],

    "custom" : {
        "forgery" : {
            "entrypoint" : { 
                "type" : "runtime",
                "path" : "mod.meow"
            },
            "translations_path" : "trans",
            "compile_all_code_on_load" : false
        }
    }
}